repository,title,issue_id,pr_id,completed_by,completed_date,amount_paid,bug_bounty
Account-Manager,Add Success Toast,232,246,leelatanniru,09/03/20,2500,
Website,Design 1-2-3 Bubbles,182,,kristykjlee,9/16/20,2500,FALSE
Account-Manager,When points are sent to friend the from sender account balance should get reduced,296,,webdeveloperswj,9/17/20,5000,
Account-Manager,No notification received when points sent or received,299,,webdeveloperswj,9/17/20,5000,
Account-Manager,Accounts Semantics & Side Menu Update,301,302,angle943,9/18/20,2500,
Website,Homepage Update (1-2-3 Bubbles),184,186,buckyroberts,9/20/20,2500,FALSE
Website,Add Basic Leaderboard Page,191,186,buckyroberts,9/20/20,2500,FALSE
Website,Create Tasks and Help Pages,200,201,buckyroberts,9/20/20,2500,FALSE
Account-Manager,Should say Friend's Account instead of My Account,306,,Niekon01,9/21/20,5000,
Account-Manager,"Create new account modal button should say ""Create"" instead of ""Add""",307,,Niekon01,9/21/20,5000,
Account-Manager,Closes #306 and fixed a wording issue,306,308,Niekon01,9/21/20,5000,
Website,[iPhone SE] Page moved horizontally,220,,webdeveloperswj,9/22/20,5000,FALSE
Account-Manager,Create Jest Tests for 'formatAddressFromNode',221,313,avgust13,9/22/20,5000,
Account-Manager,Create Jest Tests for 'formatQueryParams',222,313,avgust13,9/22/20,5000,
Account-Manager,Create Jest Tests for 'formatPath' and 'formatPathFromNode',223,313,avgust13,9/22/20,5000,
Account-Manager,Create Jest Tests for 'parseAddressData',224,313,avgust13,9/22/20,5000,
Account-Manager,Create Jest Tests for 'parseQueryParams',225,313,avgust13,9/22/20,5000,
Account-Manager,Simple Text Update for Table Column Headers,269,313,avgust13,9/22/20,2500,
Website,Leaderboard and Tasks Repository Filter URLs,204,226,thesanjeevsharma,9/22/20,10000,FALSE
Account-Manager,"Create new account modal button should say ""Create"" instead of ""Add""",307,314,angle943,9/22/20,5000,
Account-Manager,Unable to switch to Bank of different network (different PV),309,319,avgust13,9/23/20,5000,
Account-Manager,"[Desktop Windows] In user friend list , user should not get added with same nickname while editing nickname",318,325,avgust13,9/24/20,5000,
Account-Manager,Connection Status Logic,276,334,avgust13,9/26/20,10000,
Account-Manager,[Windows] When user try to add already existing bank then error message displayed should be modified,329,336,avgust13,9/27/20,500,
Account-Manager,[Windows] Error message can be changed,344,345,avgust13,9/30/20,500,
Account-Manager,[Windows] User should not be able to add himself as friend,337,350,avgust13,9/30/20,5000,
Account-Manager,"[Desktop] While sending points, Point should not accept decimal values",339,352,tpikachu,9/30/20,5000,
Account-Manager,No error message displayed when already present Validator is added,351,357,avgust13,9/30/20,2500,
Account-Manager,Up/down arrows should work even after focusing on a disabled option,349,362,hawyar,10/02/20,2500,
Account-Manager,Standardize all dates in tables,348,364,buckyroberts,10/02/20,5000,
Account-Manager,"[Windows] When there is no unread notification, Mark all as read text is not needed",361,373,hawyar,10/04/20,2500,
Account-Manager,Add copy button for My Signing Key,369,374,leelatanniru,10/04/20,2500,
Account-Manager,Build a 32-bit app,366,376,tpikachu,10/04/20,5000,
Account-Manager,Add Signing Keys Update for Banks & Validators,353,379,avgust13,10/06/20,50000,
Account-Manager,Bank OVERVIEW UI update,354,379,avgust13,10/06/20,5000,
Account-Manager,"Move Daily Rate"" to separate panel""",399,401,leelatanniru,10/14/20,5000,
Account-Manager,"[Windows] When right clicked on any text under Validators, Banks, My Accounts and My Friend gives option for copy link",360,403,brian316,10/14/20,2500,
Account-Manager,Error message can be improved when user enters invalid IP Address for bank account,395,405,brian316,10/17/20,1000,
Website,"When there are more than one channel then only text should be: To apply, send us a message through any of the following channels: otherwise text should be: To apply, send us a message through the following channel:",255,264,thesanjeevsharma,10/02/20,500,FALSE
Website,Openings Page Update,273,278,thesanjeevsharma,10/10/20,10000,FALSE
Website,[All mobile devices] Page is not responsive it moves horizontally,301,306,GermaVinsmoke,10/19/20,2500,FALSE
Website,[All mobile devices] Section should be aligned inline with other section above it,305,307,GermaVinsmoke,10/19/20,1000,FALSE
Website,[All mobile devices] Page is not responsive,299,308,angle943,10/19/20,2500,FALSE
Website,[All mobile devices] Page is not responsive,300,308,angle943,10/19/20,2500,FALSE
Account-Manager,Success message coming should be aligned at center of icon aside to it,411,412,moki298,10/20/20,2500,
Website,[All mobile Devices] Page is not responsive,298,310,GermaVinsmoke,10/20/20,2500,FALSE
Website,Highlighted section should be less in height,206,290,dahelg,10/11/20,2500,FALSE
Website,[iPhone 320Px] Text goes out of section,248,289,itsnikhil,10/10/20,1000,FALSE
Website,Documentation CSS issue.,295,312,angle943,10/21/20,1000,FALSE
Website,[iPhone SE] Page moved horizontally,220,266,lapstjup,10/02/20,5000,FALSE
Website,Update social media buttons on the main marketing page,321,,kristykjlee,10/24/20,1000,FALSE
Website,FAQ page,320,,kristykjlee,10/24/20,2500,FALSE
Website,Updated Top Navigation,317,,kristykjlee,10/24/20,2500,FALSE
Website,Updated Footer,318,,kristykjlee,10/24/20,2500,FALSE
Website,Social Media page,319,,kristykjlee,10/24/20,2500,FALSE
Website,Add the functionality to use font-weight with our Inter Font,293,313,colfax23,10/26/20,10000,FALSE
Website,Update social media buttons on the main marketing page,321,323,aayushi14,10/27/20,1000,FALSE
Website,Updated Footer,318,325,thesanjeevsharma,10/27/20,2500,FALSE
Website,Update Account Manager Guide Pages,280,328,colfax23,10/27/20,1000,FALSE
Account-Manager,Add the functionality to use font-weight with our Inter Font,416,419,colfax23,10/27/20,7500,
Website,Landing Page Style Update,283,314,moki298,10/28/20,7500,FALSE
Website,FAQ page,320,338,brmendez,10/30/20,2500,FALSE
Website,Social Media page,319,339,colfax23,10/30/20,2500,FALSE
Website,Replace Footer icons with mdi-icons,335,340,thesanjeevsharma,10/30/20,1000,FALSE
Website,Replace Homepage Social Media Hero icons to use SVG Icons,336,344,aayushi14,10/31/20,500,FALSE
Website,Landing Page V2,333,,kristykjlee,10/31/20,2500,FALSE
Website,Updated Top Navigation,317,343,angle943,10/31/20,5000,FALSE
Website,Landing Page V2,333,346,aayushi14,11/01/20,2500,FALSE
Website,Hello World in Different Languages for Marketing Site,322,350,angle943,11/01/20,500,FALSE
Website,"Put ""Hello World"" in your OWN language!",351,354,dorlivniopen,11/01/20,500,FALSE
Website,no more stickies on website,357,,kristykjlee,11/01/20,500,FALSE
Website,no more stickies on website,357,358,angle943,11/01/20,500,FALSE
Website,Footer Update V2,330,359,angle943,11/01/20,500,FALSE
Website,"Put ""Hello World"" in your OWN language!",351,361,aayushi14,11/01/20,500,FALSE
Website,"Put ""Hello World"" in your OWN language!",351,363,moki298,11/01/20,500,FALSE
Website,Add a Q&A on how to open up a pull request,353,367,aayushi14,11/01/20,1000,FALSE
Website,"When going to `/tasks`, make it automatically default to `/tasks/All`",349,365,aayushi14,11/01/20,2000,FALSE
Website,Make the Footer's background color go all the way to the bottom,369,370,itsnikhil,11/02/20,1000,FALSE
Website,"Put ""Hello World"" in your OWN language!",351,351,itsnikhil,11/02/20,500,FALSE
Website,"Put ""Hello World"" in your OWN language!",351,380,xmac11,11/02/20,500,FALSE
Website,"Put ""Hello World"" in your OWN language!",351,381,rizqyep,11/02/20,500,FALSE
Website,"Put ""Hello World"" in your OWN language!",351,382,DucPhamTV,11/02/20,500,FALSE
Website,"Put ""Hello World"" in your OWN language!",351,379,shahraizali,11/02/20,500,FALSE
Account-Manager,While Editing nickname duplicate name should not be accepted,400,397,shahraizali,10/13/20,2500,
thenewboston-python,JSONDecodeError simplejson.decoder in raw_decode,64,,shahraizali,10/16/20,5000,
Website,[iPhone5/SE] Site moves horizontally,371,384,lapstjup,11/02/20,500,FALSE
Website,Upgrade A couple of our dependency libraries,368,376,amarjeet987,11/03/20,2500,FALSE
Website,Head of Python Client Library Development,401,404,itsnikhil,11/03/20,2500,FALSE
Website,Blockchain Cryptocurrency Researcher,400,405,itsnikhil,11/03/20,2500,FALSE
Website,YouTube Educator,403,409,itsnikhil,11/03/20,2500,FALSE
Website,Head of Guerrilla Marketing,410,414,itsnikhil,11/03/20,2500,FALSE
Website,Senior DevOps Engineer,394,416,lapstjup,11/03/20,2500,FALSE
Website,Opening Updates,387,418,itsnikhil,11/03/20,1000,FALSE
Website,Remove a line in all of our job openings,395,419,itsnikhil,11/03/20,500,FALSE
Website,Junior Python (Django) Developer,398,421,itsnikhil,11/03/20,2500,FALSE
Website,Opening's starting content not in focus,417,422,lapstjup,11/03/20,500,FALSE
Website,Cloud Security Engineer,390,425,aayushi14,11/03/20,2500,FALSE
Website,Vertical scrollbar appearing in left menu,423,436,angle943,11/03/20,500,FALSE
Website,[Laptop Devices] Site is not responsive moves horizontally,366,435,Niekon01,11/03/20,1000,FALSE
Website,Overlapping of text on top of expanded navbar,437,439,angle943,11/03/20,500,FALSE
Website,Update our README.md,420,424,thesanjeevsharma,11/04/20,5000,FALSE
Website,"Rename ""Points"" to ""Coins""",438,442,amarjeet987,11/04/20,7500,FALSE
Website,iPhone clicking on top of the iphone doesn't scroll the website up,402,443,lapstjup,11/04/20,2500,FALSE
Website,Opening Left Menu Logic,388,444,thesanjeevsharma,11/04/20,10000,FALSE
Website,iPad homepage scrolling issue,355,443,lapstjup,11/04/20,2500,FALSE
Website,"Put ""Hello World"" in your OWN language!",351,457,robMakasi,11/04/20,500,FALSE
Website,"Sign In, Sign Out, Profile Page",315,,kristykjlee,11/03/20,25000,FALSE
Website,Switch thenewboston & bitcoin block on landing page,441,,kristykjlee,11/04/20,500,FALSE
Website,Donations page,440,,kristykjlee,11/04/20,5000,FALSE
Website,Donations page,440,453,angle943,11/04/20,5000,FALSE
Website,Switch thenewboston & bitcoin block on landing page,441,449,angle943,11/04/20,500,FALSE
Account-Manager,Rename 'Points' to 'Coins',422,424,thesanjeevsharma,11/04/20,5000,
Website,Front-end Responsiveness/UX expert,448,450,aayushi14,11/04/20,2500,FALSE
Website,Python / Django Developer,411,452,aayushi14,11/04/20,2500,FALSE
Account-Manager,upgrade react-scripts,423,427,amarjeet987,11/05/20,2500,
Account-Manager,Zoom function in the window tab not doing anything.,415,428,Hristijan95,11/05/20,2500,
Account-Manager,Update overall style guide/colors,55,59,Hristijan95,7/19/20,7500,
Website,Make the command 'npm run lint' run for Windows/Linux users,455,458,moki298,11/05/20,7500,FALSE
Website,"Put ""Hello World"" in your OWN language!",351,466,Vangaorth,11/05/20,500,FALSE
Website,"Update ""Send Coin"" image",445,467,Niekon01,11/05/20,2500,FALSE
Website,"Put ""Hello World"" in your OWN language!",351,470,jagdisharma,11/05/20,500,FALSE
Website,"Put ""Hello World"" in your OWN language!",351,473,ZokaSoce,11/05/20,500,FALSE
Website,"Put ""Hello World"" in your OWN language!",351,474,fadyadal,11/05/20,500,FALSE
Website,"Put ""Hello World"" in your OWN language!",351,475,henctv,11/05/20,500,FALSE
Website,"Put ""Hello World"" in your OWN language!",351,476,cubedtear,11/05/20,500,FALSE
Website,"Put ""Hello World"" in your OWN language!",351,477,Ramin-RX7,11/05/20,500,FALSE
Website,"Put ""Hello World"" in your OWN language!",351,478,AntonFredrikSvensson,11/05/20,500,FALSE
Website,"Put ""Hello World"" in your OWN language!",351,479,ganeshvicky,11/05/20,500,FALSE
Website,"Put ""Hello World"" in your OWN language!",351,481,danielivert,11/05/20,500,FALSE
Website,"Put ""Hello World"" in your OWN language!",351,483,VictorABoye,11/05/20,500,FALSE
Website,"Put ""Hello World"" in your OWN language!",351,484,hLudde,11/05/20,500,FALSE
Website,"Put ""Hello World"" in your OWN language!",351,485,phase7,11/05/20,500,FALSE
Website,"Put ""Hello World"" in your OWN language!",351,486,JayBIOS,11/05/20,500,FALSE
Website,"Put ""Hello World"" in your OWN language!",351,490,VJKLFT,11/05/20,500,FALSE
Website,Static Teams Page,503,508,buckyroberts,11/05/20,500,FALSE
Website,Task page margin,413,469,itsnikhil,11/06/20,1000,FALSE
Website,"Put ""Hello World"" in your OWN language!",351,635,alexkimeu0,11/09/20,500,FALSE
Website,Docs need some language/grammatical fixes,619,624,sdhiaeddine,11/09/20,1000,FALSE
Website,Team Page - Member Updates,627,639,jaelee0409,11/09/20,1000,FALSE
Website,"Put ""Hello World"" in your OWN language!",351,642,jamessspanggg,11/09/20,500,FALSE
Website,"Put ""Hello World"" in your OWN language!",351,649,rasabel,11/09/20,500,FALSE
Website,"Put ""Hello World"" in your OWN language!",351,623,singh-sarabjeet,11/09/20,500,FALSE
Website,add the floating button that takes us to the top of the page,399,600,manishram,11/09/20,1000,FALSE
Website,"Put ""Hello World"" in your OWN language!",351,597,vilihegyi,11/09/20,500,FALSE
Website,Get Started / Community chevron icon disappears on toggle in Safari,446,504,mthomas-io,11/09/20,1000,FALSE
Website,"Put ""Hello World"" in your OWN language!",351,652,askass,11/09/20,500,FALSE
thenewboston-python-client,Implemented some validator features,13,12,jtavak,11/08/20,10000,
thenewboston-python-client,Write and read signing key file,1,9,DucPhamTV,11/08/20,5000,
thenewboston-python-client,Write and read signing key file,2,9,DucPhamTV,11/08/20,5000,
thenewboston-python-client,Implement bank client,3,11,DucPhamTV,11/08/20,5000,
thenewboston-python-client,Implement bank client,4,11,DucPhamTV,11/08/20,5000,
thenewboston-python-client,Implement bank client,5,11,DucPhamTV,11/08/20,5000,
thenewboston-python-client,Implement bank client,6,11,DucPhamTV,11/08/20,5000,
thenewboston-python-client,Implement bank client,7,11,DucPhamTV,11/08/20,5000,
thenewboston-python-client,Implement bank client,8,11,DucPhamTV,11/08/20,5000,
Account-Manager,#435 - Fix Prefix Issue,435,445,whitelionx,11/09/20,1000,
Website,"Put ""Hello World"" in your OWN language!",351,554,avinashupadhya99,11/07/20,500,FALSE
Website,Get Started/Community dropdown positioning not coherent in Safari,462,468,lapstjup,11/09/20,5000,FALSE
Website,"Put ""Hello World"" in your OWN language!",351,480,alhuang2,11/06/20,500,FALSE
Website,Proofread the README file,643,646,whitelionx,11/09/20,500,FALSE
Website,Team Lead tag's text is misaligned,645,647,whitelionx,11/09/20,500,FALSE
Website,Linux download instructions update,517,489,velibor7,11/06/20,500,FALSE
Website,Proofread the README file,643,650,Reeler,11/09/20,500,FALSE
Website,"Put ""Hello World"" in your OWN language!",351,651,h3cksamrat,11/09/20,500,FALSE
Website,"Put ""Hello World"" in your OWN language!",351,655,DenverCoder1,11/09/20,500,FALSE
Website,"Put ""Hello World"" in your OWN language!",351,379,shahraizali,11/02/20,500,FALSE
Website,[Job Opening] Marketing Analyst,673,683,itsnikhil,11/10/20,1000,FALSE
Website,[FAQ] Hash Links does not snap correctly to the question title,659,661,whitelionx,11/09/20,1000,FALSE
Website,"Put ""Hello World"" in your OWN language!",351,678,virtualdesigner,11/09/20,500,FALSE
Website,"Put ""Hello World"" in your OWN language!",351,682,mprateek14,11/10/20,500,FALSE
Website,"Put ""Hello World"" in your OWN language!",351,691,cebisom,11/10/20,500,FALSE
Website,"Put ""Hello World"" in your OWN language!",351,687,kagisojamesthomba,11/10/20,500,FALSE
Website,"Put ""Hello World"" in your OWN language!",351,567,jonathanlee06,11/11/20,500,FALSE
Website,"Put ""Hello World"" in your OWN language!",351,599,ionutzaharia,11/08/20,500,FALSE
Website,"Put ""Hello World"" in your OWN language!",351,684,nberic,11/10/20,500,FALSE
Website,"Put ""Hello World"" in your OWN language!",351,701,ProdexOne,11/11/20,500,FALSE
Website,"Put ""Hello World"" in your OWN language!",351,708,RoyVoetman,11/11/20,500,FALSE
Website,"Put ""Hello World"" in your OWN language!",351,709,FaiyazMdAbdul,11/11/20,500,FALSE
Website,"Put ""Hello World"" in your OWN language!",351,711,hienqn,11/11/20,500,FALSE
Website,"Put ""Hello World"" in your OWN language!",351,713,MirkoHotsHot,11/11/20,500,FALSE
Website,"Put ""Hello World"" in your OWN language!",351,721,zalkar-z,11/11/20,500,FALSE
Website,"Put ""Hello World"" in your OWN language!",351,510,naveedahmad99,11/07/20,500,FALSE
Website,"Put ""Hello World"" in your OWN language!",351,511,sarveshkolte,11/07/20,500,FALSE
Website,"Put ""Hello World"" in your OWN language!",351,514,whitelionx,11/07/20,500,FALSE
Website,"Put ""Hello World"" in your OWN language!",351,516,donmbelembe,11/07/20,500,FALSE
Website,"Put ""Hello World"" in your OWN language!",351,526,lukas-kasticky,11/07/20,500,FALSE
Website,"Put ""Hello World"" in your OWN language!",351,528,xZliman,11/07/20,500,FALSE
Website,"Put ""Hello World"" in your OWN language!",351,531,wilsongayo,11/07/20,500,FALSE
Website,"Put ""Hello World"" in your OWN language!",351,535,reeveng,11/07/20,500,FALSE
Website,"Put ""Hello World"" in your OWN language!",351,538,zinoadidi,11/07/20,500,FALSE
Website,"Put ""Hello World"" in your OWN language!",351,539,DinShpati,11/07/20,500,FALSE
Website,"Put ""Hello World"" in your OWN language!",351,545,kenmusima,11/07/20,500,FALSE
Website,"Put ""Hello World"" in your OWN language!",351,546,shcul333,11/07/20,500,FALSE
Website,"Put ""Hello World"" in your OWN language!",351,548,A-A-2,11/07/20,500,FALSE
Website,"Put ""Hello World"" in your OWN language!",351,555,JonasPik,11/07/20,500,FALSE
Website,"Put ""Hello World"" in your OWN language!",351,557,Zims,11/08/20,500,FALSE
Website,"Put ""Hello World"" in your OWN language!",351,562,Get-ADUser,11/07/20,500,FALSE
Website,"Put ""Hello World"" in your OWN language!",351,571,manishram,11/07/20,500,FALSE
Website,"Put ""Hello World"" in your OWN language!",351,575,officialabdulrehman,11/07/20,500,FALSE
Website,[Design] No Margin between Task Left Menu,581,589,whitelionx,11/07/20,500,FALSE
Website,"Put ""Hello World"" in your OWN language!",351,596,rabeeh-ta,11/07/20,500,FALSE
Website,"Put ""Hello World"" in your OWN language!",351,609,alexkimeu0,11/08/20,500,FALSE
Website,"Put ""Hello World"" in your OWN language!",351,690,Benett1,11/12/20,500,FALSE
Website,"Put ""Hello World"" in your OWN language!",351,720,sbalasa,11/12/20,500,FALSE
Website,"Put ""Hello World"" in your OWN language!",351,725,ProdexOne,11/12/20,500,FALSE
Website,"Put ""Hello World"" in your OWN language!",351,727,ddyakov,11/12/20,500,FALSE
Website,"Put ""Hello World"" in your OWN language!",351,735,Tobel158,11/12/20,500,FALSE
Website,"Put ""Hello World"" in your OWN language!",351,736,VincentHch,11/12/20,500,FALSE
Website,"Put ""Hello World"" in your OWN language!",351,740,sardorml,11/12/20,500,FALSE
Website,Links in the navbar cannot be opened in a new tab,753,752,BlueBlazin,11/12/20,500,FALSE
Website,Design Assets page,523,641,manishram,11/12/20,7500,FALSE
Website,Openings - HIRING FREEZE,738,739,Akshit1311,11/12/20,1000,FALSE
Website,[Leaderboard] Image content jumping when loading page,703,704,jamessspanggg,11/11/20,1000,FALSE
Website,"""Join the Community"" heading in /social",686,716,cfviotti,11/11/20,500,FALSE
Website,[Documentation] Hash link snap issue,675,676,jamessspanggg,11/10/20,500,FALSE
Website,[Leaderboard] Dropdown does not work,679,680,jamessspanggg,11/10/20,1000,FALSE
Website,Update teams page,699,700,thesanjeevsharma,11/10/20,500,FALSE
Website,Update engineering openings,706,707,thesanjeevsharma,11/10/20,500,FALSE
Website,Proofreading FAQ page,705,653,DenverCoder1,11/10/20,500,FALSE
Website,Download page needs design update for iPhone 5,389,560,nrednav,11/11/20,2000,FALSE
Website,New Contributor,750,755,subhamg,11/12/20,500,FALSE
Website,More Account Manager Docs,761,737,whitelionx,11/12/20,1000,FALSE
Website,Typo in the documentation.,756,759,ddyakov,11/13/20,500,FALSE
Website,"Put ""Hello World"" in your OWN language!",351,742,sotheavuthnguon,11/12/20,500,FALSE
Website,"Put ""Hello World"" in your OWN language!",351,762,The-Veil,11/12/20,500,FALSE
Website,"Put ""Hello World"" in your OWN language!",351,685,danieloravec,11/12/20,500,FALSE
Website,"Put ""Hello World"" in your OWN language!",351,766,Rosendo6,11/13/20,500,FALSE
Website,"Put ""Hello World"" in your OWN language!",351,677,suhailpappu,11/13/20,500,FALSE
Website,[Documentation] Code segments under CSS / SASS not highlighted properly,733,734,jamessspanggg,11/13/20,1000,FALSE
Website,Incorrect Text on the Add Friends Page,763,764,aayushi14,11/13/20,500,FALSE
Website,"Put ""Hello World"" in your OWN language!",351,765,P-Sklodowska,11/14/20,500,FALSE
Website,"Put ""Hello World"" in your OWN language!",351,771,laughablehaha,11/14/20,500,FALSE
Website,New Contributor,773,777,LunarDeveloper,11/14/20,500,FALSE
Website,New Contributor,772,775,hasham56,11/14/20,500,FALSE
Website,New Contributor,745,746,manishram,11/14/20,500,FALSE
Website,New Contributor,743,744,jamessspanggg,11/14/20,500,FALSE
Website,Sorting of team members not working as expected,747,788,jamessspanggg,11/14/20,500,FALSE
Website,Small correctness and clarity mistakes in introduction page,800,801,ddyakov,11/14/20,500,FALSE
Website,New Contributor,782,784,Akshit1311,11/13/20,500,FALSE
Website,A little typo in the 'Openings' page,787,794,YashovardhanSingh,11/13/20,500,FALSE
Website,New Contributor,793,797,hasham56,11/13/20,500,FALSE
Website,extra right margin in donate-card on mobile,776,817,rahulkiller104,11/14/20,500,FALSE
marketing,LinkedIn Banner,6,,SOHDA31,11/15/20,7500,
Website,"Put ""Hello World"" in your OWN language!",351,824,KingChampion36,11/15/20,500,FALSE
Website,"Put ""Hello World"" in your OWN language!",351,692,fosteradorkor,11/15/20,500,FALSE
Website,"Put ""Hello World"" in your OWN language!",351,820,Weav3r,11/15/20,500,FALSE
Website,"Put ""Hello World"" in your OWN language!",351,698,phoenixArtwork,11/15/20,500,FALSE
Website,[Android] Long-press on top nav links doesn't give option to open in new tab,812,813,PatNeedham,11/15/20,500,FALSE
Website,[Bug]Website buttons in navigation have double focus.,830,831,nparoski,11/15/20,1000,FALSE
Website,Task Left Menu Issue,564,803,manishram,11/15/20,1000,FALSE
Website,website doesn't auto select download tab based on user system,819,805,akamfoad,11/15/20,1000,FALSE
Website,Issue with recent task title,815,816,manishram,11/15/20,500,FALSE
Website,[Leaderboard] Inconsistencies in width of tasks,839,840,jamessspanggg,11/15/20,2000,FALSE
Website,New Contributor,821,823,KingChampion36,11/15/20,500,FALSE
Website,[FAQ] Console error when in dev mode,845,846,jamessspanggg,11/15/20,500,FALSE
Website,Title Missing: Assets and Openings page,854,855,manishram,11/16/20,500,FALSE
Website,[Documentation] Empty new lines in deployment guide,858,859,jamessspanggg,11/16/20,500,FALSE
Website,"Put ""Hello World"" in your OWN language!",351,861,pabloqb2000,11/16/20,500,FALSE
Website,"Put ""Hello World"" in your OWN language!",351,860,dark121211,11/16/20,500,FALSE
Website,"Put ""Hello World"" in your OWN language!",351,874,siemen-subbaiah,11/17/20,500,FALSE
Website,"Put ""Hello World"" in your OWN language!",351,868,melsh123221,11/16/20,500,FALSE
Website,"Put ""Hello World"" in your OWN language!",351,867,Hot-Shot75,11/16/20,500,FALSE
Website,"Put ""Hello World"" in your OWN language!",351,862,briankinane,11/16/20,500,FALSE
Website,Documentation typo,889,757,alexkimeu0,11/17/20,500,FALSE
Website,UNSAFE_componentWillMount console error,856,857,jamessspanggg,11/16/20,1000,FALSE
Website,Fix console warnings during development,863,865,jamessspanggg,11/16/20,1000,FALSE
Website,Remove package-lock.json and use yarn,828,829,ffpetrovic,11/16/20,500,FALSE
Website,New Contributor,866,871,KingChampion36,11/16/20,500,FALSE
Website,New Contributor,872,873,VincentHch,11/16/20,500,FALSE
Website,Add Kotlin SDK to tasks,876,882,thesanjeevsharma,11/17/20,500,FALSE
Website,[Feature Request] Tasks should be sortable by time and coins,550,616,kush-daga,11/16/20,7500,FALSE
thenewboston-python-client,Bank - banks api calls,15,24,jtavak,11/17/20,5000,
Website,"Put ""Hello World"" in your OWN language!",351,884,Tuhinga,11/18/20,500,FALSE
Website,"Put ""Hello World"" in your OWN language!",351,891,lucedawg,11/18/20,500,FALSE
thenewboston-python-client,Bank - get bank config,16,34,VincentHch,11/17/20,5000,
thenewboston-python-client,Bank - patch api call for validators path,22,23,velibor7,11/17/20,5000,
thenewboston-python-client,Bank - validator confirmation services api calls,19,37,CirXe0N,11/17/20,5000,
thenewboston-python-client,Bank - confirmation blocks api calls,17,35,VincentHch,11/17/20,5000,
thenewboston-python-client,Bank - post invalid block to bank,18,26,xmac11,11/17/20,5000,
thenewboston-python-client,Add Github Actions to automate testing and linting,38,40,sbalasa,11/17/20,5000,
thenewboston-python-client,Change class methods to private,57,58,makaramkd,11/23/20,200,
thenewboston-python-client,Change class methods to private,55,56,CirXe0N,11/23/20,10000,
thenewboston-python-client,Generate documentation for the codebase using sphinx,49,56,AbhayAysola,11/23/20,5000,
thenewboston-python-client,Add typing annotations to the codebase to help developers reduce code mistakes.,39,44,makaramkd,11/23/20,6000,
thenewboston-python-client,Bank - blocks api calls,21,36,nishp77,11/23/20,5000,
thenewboston-python-client,Add Github Actions to automate testing and linting,38,40,sbalsa,11/23/20,5000,
thenewboston-python-client,Fix black formatting errors in Codebase,31,32,sbalsa,11/23/20,1000,
thenewboston-python-client,Bank - post upgrade notice,20,42,VincentHch,11/23/20,200,
Website,"Put ""Hello World"" in your OWN language!",351,900,Surac778,11/18/20,500,FALSE
Website,"Put ""Hello World"" in your OWN language!",351,902,gatvay23924,11/18/20,500,FALSE
Website,"Put ""Hello World"" in your OWN language!",351,904,codemedo,11/19/20,500,FALSE
Website,New Contributor,892,895,jamessspanggg,11/18/20,500,FALSE
Website,New Contributor,893,894,jamessspanggg,11/18/20,500,FALSE
Website,Kotlin SDK new member (Peter Sommerhoff),877,897,hasham56,11/18/20,500,FALSE
Website,Kotlin SDK New Contributor Martin Nowosad,878,896,hasham56,11/18/20,500,FALSE
Website,New Contributor,899,901,codemedo,11/18/20,500,FALSE
Website,"Put ""Hello World"" in your OWN language!",351,913,ysttt12,11/19/20,500,FALSE
Website,New Contributor,921,933,AkbarKamran,11/20/20,500,FALSE
Website,"Put ""Hello World"" in your OWN language!",351,939,aeronye,11/21/20,500,FALSE
Website,Long title words break the mobile design in the tasks page,909,917,mersimoski,11/19/20,1000,FALSE
Website,Decouple Hello World animation and word shuffle logic using custom hooks,890,918,lapstjup,11/21/20,5000,FALSE
Website,New Contributor,915,930,hasham56,11/20/20,500,FALSE
Website,New Contributor,914,929,hasham56,11/20/20,500,FALSE
Website,Projects Proposal page,934,978,buckyroberts,11/22/20,2500,FALSE
Website,Make an Image component with optimizations for image loading,869,942,thesanjeevsharma,11/22/20,2500,FALSE
Website,User Account Prereq - Integrate our AccountManager's Modal into the website,461,585,amarjeet987,11/24/20,25000,FALSE
Website,Integrate GitHub OAuth into Front-end,364,509,thesanjeevsharma,11/24/20,7500,FALSE
Website,"Put ""Hello World"" in your OWN language!",351,987,Godnoken,11/23/20,500,FALSE
Design,Reddit Banner,67,,shivamyadav37,11/24/20,2000,FALSE
Design,Coins Memes Infographic,42,,YashovardhanSingh,11/24/20,2000,FALSE
Website,New Contributor - moving roles from another role,1016,1019,thesanjeevsharma,11/24/20,500,FALSE
Website,Remove Members listed from Team,994,1010,aayushi14,11/24/20,500,FALSE
Website,[Tasks] Ascending and descending sort not working,1014,1015,jamessspanggg,11/24/20,500,TRUE
Website,Project proposals link missing in the footer,1008,1009,manishram,11/23/20,250,TRUE
Website,Typos in the docs,935,1004,alexkimeu0,11/23/20,500,TRUE
Website,Point number 6 is missing,996,997,manishram,11/23/20,250,TRUE
Website,NaN reward,936,938,jamessspanggg,11/20/20,500,TRUE
Design,Teams page update,23,,kristykjlee,11/20/20,2000,FALSE
Design,As a user I would like to be able to sell my goods to accumulate more TNB coins,24,,davidyapdy,11/24/20,2000,FALSE
Design,Blockchain topic Infographic,55,,DrSparky-2007,11/24/20,2000,FALSE
Website,Last updated date for Docs,549,,mofodox,11/08/20,500,FALSE
Website,Add new rule,1024,1025,manishram,11/25/20,500,FALSE
Website,[Bug] Interactive elements don't have outlines on focus and are not clickable via keyboard.,843,844,nparoski,11/25/20,2000,TRUE
Website,The guide page redirects to the home page,1023,1027,thesanjeevsharma,11/26/20,1000,TRUE
Website,Add How to Set Up Payment Board Docs,990,1020,jamessspanggg,11/26/20,1000,FALSE
Website,"Put ""Hello World"" in your OWN language!",351,478,AntonFredrikSvensson,11/06/20,500,FALSE
Website,[Suggestion] Automate testing/linting using github actions,1032,1033,jamessspanggg,11/26/20,2000,FALSE
Website,Update Docs for Confirmation Validator - Accounts,969,998,aayushi14,11/26/20,1000,FALSE
Website,Update Docs for Primary Validator - Validators,968,992,aayushi14,11/26/20,1000,FALSE
Website,Update Docs for Bank - Bank Transactions,952,986,UweVanOpfern,11/26/20,1000,FALSE
Website,Update Docs for Primary Validator - Config,965,991,aayushi14,11/26/20,1000,FALSE
Website,Update Docs for Bank - Validators,961,995,aayushi14,11/26/20,1000,FALSE
Website,Update Docs for Confirmation Validator - Config,972,1000,aayushi14,11/26/20,1000,FALSE
Website,Update Docs for Bank - Banks,953,1006,DucPhamTV,11/26/20,1000,FALSE
Website,Remove team member,1030,1031,jamessspanggg,11/26/20,250,FALSE
Website,"Put ""Hello World"" in your OWN language!",351,949,Toledit,11/26/20,500,FALSE
Account-Manager,Import/Export Signing Keys Hi-Fi,148,,kristykjlee,11/17/20,5000,FALSE
Account-Manager,Editing account nickname does not revalidate the nickname,488,489,jamessspanggg,11/20/20,1000,TRUE
Account-Manager,Editing bank nickname does not revalidate the nickname,490,491,jamessspanggg,11/20/20,1000,TRUE
Account-Manager,White screen of death at launch,480,484,matheusfillipe,11/20/20,500,TRUE
Account-Manager,[Suggestion] Move validation values to a constant file,496,497,jamessspanggg,11/22/20,1000,FALSE
Account-Manager,Able to give nickname that is very long,494,495,jamessspanggg,11/22/20,500,TRUE
Validator,Fix Flake8 Issues for Validator,91,94,AbhayAysola,11/27/20,5000,FALSE
Validator,Generate documentation for the codebase using sphinx,93,95,AbhayAysola,11/26/20,5000,FALSE
Website,The leaderboard page redirects to the home page,1042,1043,YashovardhanSingh,11/27/20,500,TRUE
Website,New Contributor,1039,1040,jamessspanggg,11/27/20,250,FALSE
Kotlin-SDK,Standardise unit tests with Kotest assertions,47,69,IanArb,11/28/20,2000,FALSE
Kotlin-SDK,Implement BankTransactionsDataSource class for Bank Transactions Endpoint,48,48,itsnikhil,11/18/20,1000,FALSE
Kotlin-SDK,Implement BankTransactionRepository for Bank API,51,54,itsnikhil,11/18/20,500,FALSE
Website,Update Docs for Primary Validator - Confirmation Blocks,966,986,UweVanOpfern,11/26/20,1000,FALSE
Website,New Contributor,1050,1053,nparoski,11/29/20,250,FALSE
Website,[Leaderboard] Slide up account details shifts around when initially loaded,1051,1052,jamessspanggg,11/28/20,1000,FALSE
Website,[Internet Explorer] Site not working,211,1044,nparoski,11/28/20,2000,FALSE
Website,Update Docs for Confirmation Validator - Validators,977,1001,aayushi14,11/28/20,1000,FALSE
Website,New Job Opening,1046,1048,jamessspanggg,11/28/20,250,FALSE
Website,[Suggestion] Linter for css/scss files,1036,1049,jamessspanggg,11/28/20,2500,FALSE
thenewboston-js,[Task] Implement `ServerNode` POST Request Method,7,8,sno2,11/28/20,250,FALSE
Website,New Job Opening,1047,1058,Hristijan95,11/29/20,250,FALSE
Design,Join Our Community! page revamp,22,,lukas-kasticky,11/27/20,7500,FALSE
Design,Money to Currency Infographic,60,,YashovardhanSingh,11/30/20,2000,FALSE
Design,Project Proposal Templates for social media,74,,osaroadade,11/30/20,2000,FALSE
Design,Motivational Coins Infographic,53,,YashovardhanSingh,11/29/20,2000,FALSE
Design,Infographics on Project Proposals,70,,YashovardhanSingh,11/29/20,2000,FALSE
Design,Coins Topic Infographic,57,,pabloqb2000,11/27/20,2000,FALSE
thenewboston-python-client,Create new endpoints in Validator class,59,60,makaramkd,12/01/20,10000,
thenewboston-python-client,Set max line length back to 79 to adhere to the PEP 8 code styling,41,61,velibor7,12/01/20,1000,
thenewboston-python-client,Incorrect Bank.connection_requests() and Validator.connection_requests(),62,63,DucPhamTV,12/01/20,5000,
Website,Join Our Community! page revamp,1068,1038,lukas-kasticky,11/30/20,5000,FALSE
Website,[Leaderboard] High ranking number exceeds container in mobile view,1041,1054,nparoski,11/30/20,1000,FALSE
Website,New Job Opening: Senior .NET Core developer,1056,1060,jamessspanggg,11/30/20,250,FALSE
Website,"Put ""Hello World"" in your OWN language!",351,979,dhakal0kushal,11/30/20,500,FALSE
Website,"Create the ""Tasks Completed"" section of the profile page",1063,1065,jamessspanggg,12/02/20,5000,FALSE
Website,Update Docs for Confirmation Validator - Banks,971,999,aayushi14,12/02/20,1000,FALSE
Website,Update Docs for Primary Validator - Accounts,962,983,Hristijan95,12/02/20,1000,FALSE
Bank,Fix Flake8 Issues for Bank,96,101,makaramkd,11/26/20,5000,FALSE
Bank,Generate documentation for the codebase using sphinx,97,99,AbhayAysola,11/26/20,5000,FALSE
Kotlin-SDK,Build AccountDataSource class that calls Account endpoints through HttpService,15,53,nishp77,11/21/20,1000,FALSE
Kotlin-SDK,Define ValidatorRepository interface,20,45,petersommerhoff,11/17/20,500,FALSE
Kotlin-SDK,Integrate SonarQube into SDK for code quality analysis,41,70,IanArb,11/30/20,1000,FALSE
Kotlin-SDK,Implement Blocks GET request for Banks API,61,67,nishp77,11/30/20,2000,FALSE
Design,As a contributor I would like to see all the link to the main file for Figma in one place so that I don't have to ask for them everytime i need it,65,,osaroadade,12/02/20,1000,FALSE
Design,HIFI - Coins Topic Infographic,77,,devanshgajjar,12/02/20,1000,FALSE
Kotlin-SDK,Implement ConfigDataSource class for Bank Config endpoint,49,59,matthewrkula,11/23/20,1000,FALSE
Website,Update Docs for Bank - Config,955,982,velibor7,12/03/20,1000,FALSE
Website,Update Docs for Bank - Blocks,954,982,velibor7,12/03/20,1000,FALSE
Website,Update Docs for Bank - Accounts,951,982,velibor7,12/03/20,1000,FALSE
Website,Update Docs for Confirmation Validator - Bank Confirmation Services,970,1064,UweVanOpfern,12/03/20,1000,FALSE
Website,Update Docs for Primary Validator - Banks,964,1057,aayushi14,12/03/20,1000,FALSE
Website,New Contributor,1069,1072,jamessspanggg,12/03/20,500,FALSE
Design,Trust Coins Infographic,63,,Niekon01,12/04/20,1000,FALSE
Design,Coins Memes Infographic (includes 2),87,,dhakal0kushal,12/04/20,2000,FALSE
Design,Coins Memes Infographic,86,,YashovardhanSingh,12/04/20,1000,FALSE
Design,Coins Memes Infographic,85,,FredrickXavier,12/04/20,1000,FALSE
Design,Facts about Coins Infographic,61,,YashovardhanSingh,12/03/20,1000,FALSE
Design,Spending Coins Infographic,62,,smazydev,12/03/20,1000,FALSE
Design,HIFI - Infographics on Project Proposals,79,,devanshgajjar,12/04/20,1000,FALSE
Design,HIFI - Infographics on Project Proposals,78,,devanshgajjar,12/04/20,1000,FALSE
Website,[Documentation] Breadcrumb menu does not toggle when clicked on icon,1075,1076,jamessspanggg,12/05/20,500,FALSE
Website,"Create the ""Profile Info"" section of the profile page",1062,1070,jamessspanggg,12/07/20,5000,FALSE
Website,New Contributor,1077,1081,jamessspanggg,12/07/20,500,FALSE
Bank,Write a test for class BankViewSet using get method to verify bank details,107,114,DucPhamTV,12/07/20,1000,FALSE
Bank,Write a test to validate unique constraint of block and validator together,108,115,DucPhamTV,12/07/20,1000,FALSE
Bank,Unit test failed when Faker().pytest() = 0,117,118,DucPhamTV,12/06/20,2000,TRUE
Bank,Write a test to validate trust value while creating a new Bank,112,119,DucPhamTV,12/06/20,1000,FALSE
Design,Cryptocurrency topic Infographic,56,,Toledit,12/04/20,1000,FALSE
Design,Yes to Coins Infographic,46,,Toledit,12/04/20,1000,FALSE
Design,Coins Mobile app Infographic,64,,Toledit,12/04/20,1000,FALSE
thenewboston-js,[Task] Type Bank Get Config Response,17,18,sno2,12/09/20,500,FALSE
thenewboston-js,[Task] Add Axios Response Generics for `ServerNode` Request Methods,15,16,sno2,12/08/20,500,FALSE
thenewboston-js,[Task] Implement Browser Support with Browserify,9,13,mrbusysky,12/08/20,2000,FALSE
thenewboston-python,Generate documentation for the codebase using sphinx,36,42,AbhayAysola,12/06/20,5000,FALSE
Website,Update Docs for Confirmation Validator - Upgrade Request,976,1045,wendtl,12/05/20,1000,FALSE
Website,Last updated date for Docs,549,1091,CNFloss,12/09/20,2000,FALSE
Website,Add thenewboston-js to tasks page,1103,1098,mrbusysky,12/10/20,250,FALSE
Website,Remove contributor,1092,1093,manishram,12/10/20,500,FALSE
Website,WordPress Developer,1101,1102,manishram,12/10/20,500,FALSE
Kotlin-SDK,Android Sample App,42,57,amarjeet987,12/03/20,2000,FALSE
Website,Add routing to teams page,1095,1096,thesanjeevsharma,12/11/20,1000,FALSE
Bank,Write a test to validate value of account number and trust in accounts,121,123,DucPhamTV,12/11/20,1000,FALSE
Bank,Write a test to validate unique constraint of confirmation_validator and primary_validator together for InvalidBlock,109,122,DucPhamTV,12/11/20,1000,FALSE
Design,HIFI - Money to Currency Infographic,80,,devanshgajjar,12/10/20,1000,FALSE
Design,HIFI infographic,89,,devanshgajjar,12/10/20,1000,FALSE
Design,HIFI infographic,90,,devanshgajjar,12/10/20,1000,FALSE
thenewboston-js,[Task] Create `Bank` Documentation,24,41,AbhayAysola,12/12/20,10000,FALSE
thenewboston-js,[Task] Implement `Bank` POST Blocks Method,37,39,nishp77,12/11/20,2500,FALSE
thenewboston-js,[Task] Type `PrimaryValidator.getConfig` Method Response,36,40,CNFloss,12/11/20,1000,FALSE
thenewboston-js,[Task] Type `ConfirmationValidator.getConfig` Method Response,35,38,nishp77,12/11/20,1000,FALSE
thenewboston-js,[Task] Implement POST Update Notice Method for `Bank`,28,33,CNFloss,12/11/20,2000,FALSE
thenewboston-js,[Task] Create `Account` Documentation,22,34,sno2,12/10/20,7500,FALSE
thenewboston-js,[Task] Implement POST Primary Validator Updated for `ConfirmationValidator`,30,32,AbhayAysola,12/10/20,2000,FALSE
thenewboston-js,[Task] Implement POST Upgrade Request for `ConfirmationValidator`,29,31,AbhayAysola,12/09/20,2000,FALSE
thenewboston-js,[Task] Refactor Account Class Construction,19,21,sno2,12/09/20,2000,FALSE
thenewboston-js,[Task] Implement Update Account Method for `Bank`,14,20,AbhayAysola,12/09/20,3000,FALSE
thenewboston-js,Fix the minified Browserify file,48,45,AbhayAysola,12/19/20,1000,FALSE
thenewboston-js,Updated some documentation,49,46,Meharban-Singh,12/22/20,500,FALSE
Website,Download button weird behaviour,1055,1115,SirDaev,12/14/20,500,FALSE
Website,Add additional logos to Assets page,1073,1113,leelatanniru,12/14/20,500,FALSE
Website,New Contributor,1083,1086,aayushi14,12/14/20,500,FALSE
Website,[Profile] Add team link,1109,1104,jamessspanggg,12/14/20,1000,FALSE
Website,New Contributor,1085,1090,jamessspanggg,12/14/20,500,FALSE
Website,Update Docs for Confirmation Validator - Connection Requests,974,1026,DucPhamTV,12/14/20,1000,FALSE
Website,Job Description,1084,1087,aayushi14,12/14/20,500,FALSE
Website,Update Docs for Bank - Connection Requests,958,1026,DucPhamTV,12/14/20,1000,FALSE
Website,Update Docs for Primary Validator - Connection Requests,967,1026,DucPhamTV,12/14/20,1000,FALSE
Website,"Put ""Hello World"" in your OWN language!",351,1126,tomijaga,12/15/20,500,FALSE
Website,Need to add discord to website,1111,1110,mrbusysky,12/15/20,1000,FALSE
Website,Update the Project Proposals section,1116,1117,manishram,12/15/20,500,FALSE
Kotlin-SDK,Implement POST request for invalid block in Banks API,64,87,petersommerhoff,12/12/20,2000,FALSE
Kotlin-SDK,Implement PATCH request for Account in Banks API,65,74,petersommerhoff,12/06/20,2000,FALSE
Kotlin-SDK,Implement GET request for invalid blocks in Banks API,63,75,nishp77,12/06/20,2000,FALSE
Kotlin-SDK,Implement PATCH request for Banks in Banks API,66,78,IanArb,12/10/20,2000,FALSE
thenewboston-js,[Task] Create `Validator` Documentation,25,43,CNFloss,12/14/20,7500,FALSE
Website,Mobile menu dropdown shifts things around,1129,1130,jamessspanggg,12/16/20,500,FALSE
Website,Update Docs for Bank - Confirmation Blocks,956,980,VincentHch,12/05/20,1000,FALSE
Website,Update Docs for Bank - Invalid Blocks,957,981,VincentHch,12/02/20,1000,FALSE
Website,Mobile drop-down menu blocking logo & icon during animation,582,1118,SirDaev,12/15/20,1000,FALSE
Website,Add Twitch link to Social Media page,1131,1132,jamessspanggg,12/18/20,500,FALSE
thenewboston-js,Implement Payment Handler,51,50,sno2,12/23/20,3000,FALSE
thenewboston-js,Implemented post request for bank blocks under primary-validator ,47,54,nishp77,12/23/20,2500,FALSE
Validator,Write test for class ConfirmationBlockHistory to cover creation of block history,108,130,DucPhamTV,12/18/20,1000,FALSE
Validator,Write a test for function add_block_to_queue to add block to the queue,114,127,DucPhamTV,12/13/20,1000,FALSE
Validator,Write a test for function head_block_hash_view() queued_confirmation_blocks_view() and valid_confirmation_blocks_view(),105,126,DucPhamTV,12/13/20,1000,FALSE
Validator,Write a test for function block_chain_view() and block_queue_view(),104,126,DucPhamTV,12/13/20,1000,FALSE
Validator,Create a test to create a bank using post method,102,126,DucPhamTV,12/13/20,1000,FALSE
Validator,Write test for class ConnectionRequestView to cover creation of connection request,107,129,DucPhamTV,12/16/20,1000,FALSE
Validator,Write a test for class ValidatorViewSet using post method and get method,106,127,DucPhamTV,12/12/20,1000,FALSE
Validator,Write test to validate primary validator and node type,109,129,DucPhamTV,12/16/20,2000,FALSE
Validator,Write a test to verify bank creation and confirmation validator creation using connection_requests url,115,129,DucPhamTV,12/16/20,2000,FALSE
Validator,Write a test to verify the validator's connection to itself should fail with 400 status,116,129,DucPhamTV,12/16/20,1000,FALSE
Validator,Write a test to verify the validator's connection to the existing bank and validator which should return 400 status,117,129,DucPhamTV,12/16/20,2000,FALSE
Validator,Write a test to validate existing bank and validator using connection request,118,129,DucPhamTV,12/16/20,2000,FALSE
Validator,Write a test to validate existing bank and validator using node identifier,119,129,DucPhamTV,12/16/20,2000,FALSE
Validator,Write a test to cover invalid request from primary identifier from connection request,120,129,DucPhamTV,12/16/20,1000,FALSE
Validator,Write a test to cover invalid node type from connection requests,121,129,DucPhamTV,12/16/20,1000,FALSE
Validator,Write a test to verify that primary validator field is required in connect request,122,129,DucPhamTV,12/16/20,1000,FALSE
Website,Top contributors not showing in README,1147,1148,jamessspanggg,12/25/20,250,FALSE
Website,Sharing website link with hash param does not snap to correct position,1127,1141,jamessspanggg,12/22/20,1000,FALSE
Website,New Contributor,1139,1140,Rajputusman,12/22/20,500,FALSE
Kotlin-SDK,Implement POST request for Blocks in Banks API,62,90,nishp77,12/17/20,2000,FALSE
Kotlin-SDK,Implement GET confirmation services Bank API,81,91,IanArb,12/19/20,2000,FALSE
Kotlin-SDK,Replace all uses of BankTrustResponse with Bank,79,89,tomijaga,12/17/20,1000,FALSE
Kotlin-SDK,Implement POST confirmation services Bank API,82,99,IanArb,12/22/20,2000,FALSE
Kotlin-SDK,Implement POST upgrade notice Bank API,83,100,IanArb,12/27/20,2000,FALSE
Website,Redux implementation,1080,1122,Hristijan95,12/28/20,10000,FALSE
Website,Prepare the top navigation for user profile,1061,1100,amarjeet987,12/31/20,2000,FALSE
Website,Update Docs for Confirmation Validator - Primary Validator Updated,975,1150,wajeehmisbahkhan,12/31/20,1000,FALSE
Website,Slack link on homepage no longer active,1152,1155,singh-sarabjeet,12/30/20,500,TRUE
Website,Update Docs for Bank - Validator Confirmation Services,959,1134,DucPhamTV,12/31/20,1000,FALSE
Website,Update the team pages,1013,1138,thesanjeevsharma,12/31/20,10000,FALSE
Website,Update Docs for Primary Validator - Bank Blocks,963,1146,DucPhamTV,12/31/20,1000,FALSE
thenewboston-js,[Task] Create `PrimaryValidator` Documentation,27,55,AbhayAysola,12/27/20,5000,FALSE
Kotlin-SDK,Implement GET request for Clean in Bank API,94,103,nishp77,12/28/20,2000,FALSE
Kotlin-SDK,Implement GET request for Crawl in Bank API,96,105,nishp77,12/29/20,2000,FALSE
Kotlin-SDK,Implement POST request for Clean in Bank API,95,104,nishp77,12/29/20,2000,FALSE
Kotlin-SDK,Implement POST connection request Bank API,80,106,IanArb,12/30/20,2000,FALSE
Design,Coins inspiring meme infographic,93,,dhakal0kushal,12/20/20,1000,FALSE
Design,Promoting our Project proposal task,104,,mrbusysky,12/29/20,2000,FALSE
Design,Logo designs for apparel/stickers,92,,Toledit,12/21/20,10000,FALSE
Website,Teams Section repository name duplicated,1174,1175,jamessspanggg,1/4/21,500,FALSE
Website,New Contributor,1166,1173,singh-sarabjeet,1/6/21,500,FALSE
Website,New Contributor,1162,1172,singh-sarabjeet,1/5/21,500,FALSE
Website,Remove Contributor,1163,1164,singh-sarabjeet,1/4/21,500,FALSE
Website,Auth forms: unable to click on submit button after filling all inputs correctly,1168,1169,jamessspanggg,1/16/21,1000,TRUE
Website,"[Accessibility] Add `autocomplete` attributes for `type=""password""` input fields",1165,1167,jamessspanggg,1/16/21,500,TRUE
Website,Add Francis Polignano as a contributer,1156,1171,singh-sarabjeet,1/11/21,500,FALSE
Website,New Contributor - Aathil Ahamed,1188,1206,Paul-Taiwo,1/17/21,500,FALSE
Website,New Contributor - Tristan Spearing,1186,1203,Paul-Taiwo,1/17/21,500,FALSE
Website,New Contributor - Tomiwa,1187,1202,Paul-Taiwo,1/17/21,500,FALSE
Website,Add title on some pages,626,654,Paul-Taiwo,11/9/20,2000,FALSE
Website,[Leaderboard] Mismatch of issue for tasks completed,1200,1205,jroberts91,1/18/21,250,FALSE
Website,Remove Contributor from Teams page,1207,1209,jroberts91,1/18/21,500,FALSE
Website,Standardize query param component,1195,1196,jamessspanggg,1/19/21,2000,FALSE
Website,New Contributor,1197,1211,Paul-Taiwo,1/21/21,500,FALSE
Website,Job Listing Removal,1215,1218,Rajputusman,1/21/21,500,FALSE
Website,Left part of TopNav has a undesired white bg color,1217,1220,jroberts91,1/21/21,250,FALSE
Website,Remove Contributor,1221,1222,Rajputusman,1/25/21,500,FALSE
Kotlin-SDK,Implement Pagination for GET endpoints in Bank API,98,111,tomijaga,1/9/21,5000,FALSE
Kotlin-SDK,Implement POST request for Crawl in Bank API,97,109,nishp77,1/3/21,2000,FALSE
Kotlin-SDK,Implement GET request for Config in Primary Validator API,117,121,tomijaga,1/25/21,2000,FALSE
Website,Mobile drop down icon not clickable,1179,1190,AkinAguda,1/26/21,1000,TRUE
Website,Remove Contributor from Teams Page,1210,1213,Rajputusman,1/21/21,500,FALSE
Website,Move me as Marketing Lead,1233,1236,Rajputusman,1/31/21,250,FALSE
Website,update discord social link with new custom link,1247,1246,dhakal0kushal,2/02/21,250,FALSE
Website,New Contributor,1231,1232,Rajputusman,2/02/21,500,FALSE
Website,New Contributor,1144,1145,Rajputusman,2/03/21,500,FALSE
Website,New Contributor,1237,1242,Rajputusman,2/03/21,500,FALSE
Website,New Contributor,1238,1243,Rajputusman,2/03/21,500,FALSE
Design,Coins Memes Infographic (includes 3),92,,dhakal0kushal,1/28/21,3000,FALSE
Design,Update Bank OVERVIEW & Purchase Confirmation Service ModaL,120,,kristykjlee,1/28/21,5000,FALSE
Website,Remove Contributor,1300,1303,thesanjeevsharma,2/16/21,250,FALSE
Website,New Contributor,1276,1295,AmrOuf,2/16/21,250,FALSE
Website,New Contributor,1288,1291,dhakal0kushal,2/15/21,250,FALSE
Website,"Put ""Hello World"" in your OWN language!",351,1158,gsonly,2/03/21,500,FALSE
Website,Add Project's openings to the website,1270,1275,AbhayAysola,2/15/21,2000,FALSE
Website,Hiring,1257,1258,aayushi14,2/04/21,250,FALSE
Website,New Contributor,1261,1285,dhakal0kushal,2/14/21,250,FALSE
Website,Update twitter social link and added instagram social link,1263,1262,bossajie,2/09/21,500,FALSE
Website,Add link to blog on website,1283,1284,jamessspanggg,2/15/21,2000,FALSE
Website,New Contributor,1273,1285,dhakal0kushal,2/14/21,250,FALSE
Website,New Contributor,1280,1285,dhakal0kushal,2/14/21,250,FALSE
Website,New Contributor,1281,1285,dhakal0kushal,2/14/21,250,FALSE
Website,Update /guide/blocks table,1240,1317,AmrOuf,2/18/21,250,FALSE
Website,Add governance documentation to website,1289,1296,gsonly,2/17/21,5000,FALSE
Website,New Contributor,1307,1308,dhakal0kushal,2/18/21,250,FALSE
Website,Remove job openings,1310,1315,AmrOuf,2/18/21,250,FALSE
Website,Add a new job opening,1274,1323,thesanjeevsharma,2/19/21,500,FALSE
Website,New Contributor,1319,1322,aayushi14,2/19/21,250,FALSE
Website,Remove team member from Teams Page,1297,1305,achalpatel,2/19/21,1000,FALSE
Kotlin-SDK,Implement GET requests for Validators for Primary Validator API,119,122,tomijaga,1/28/21,2500,FALSE
Kotlin-SDK,Implement GET request for Banks for Primary Validator API,118,123,tomijaga,1/28/21,2500,FALSE
Kotlin-SDK,Implement GET request for Accounts in Primary Validator API,114,124,tomijaga,2/1/21,2500,FALSE
Kotlin-SDK,Implement GET request for confirmation blocks in Primary Validator API,116,125,IanArb,02/04/21,2000,FALSE
Kotlin-SDK,Implement POST request for Connection Requests for Primary Validator API,120,126,IanArb,02/11/21,2000,FALSE
Kotlin-SDK,Implement GET requests for Accounts endpoint in Confirmation Validator API,127,141,IanArb,02/12/21,2500,FALSE
Kotlin-SDK,Implement POST request for Bank Blocks in Primary Validator API,115,142,tomijaga,02/12/21,2000,FALSE
Kotlin-SDK,Implement GET request for Config endpoint in Confirmation Validator API,132,143,tomijaga,2/13/21,2000,FALSE
Kotlin-SDK,Implement GET clean endpoint in Confirmation Validator API,130,145,nishp77,2/13/21,2000,FALSE
Kotlin-SDK,Implement POST request for clean endpoint in Confirmation Validator API,131,146,nishp77,2/13/21,2000,FALSE
Kotlin-SDK,Implement GET requests for Confirmation Blocks endpoint in Confirmation Validator API,133,147,tomijaga,2/17/21,2000,FALSE
Website,Front End Developer (thenewboston blog),1330,1331,dhakal0kushal,2/20/21,500,FALSE
Website,Change Role in Marketing Team,1327,1331,dhakal0kushal,2/20/21,250,FALSE
Website,Move Martin in Marketing Team,1328,1331,dhakal0kushal,2/20/21,250,FALSE
Website,UNIT TESTS - components/shadow,1372,1384,AbhayAysola,2/22/21,250,FALSE
Website,UNIT TESTS - components/TotalAmount,1382,1395,denistsoi,2/23/21,1000,FALSE
Website,UNIT TESTS - components/SlideUp,1373,1383,PatNeedham,2/23/21,1000,FALSE
Website,New Contributor,1239,1244,Rajputusman,2/04/21,500,FALSE
Website,New Contributor,1245,1248,Rajputusman,2/04/21,500,FALSE
Website,UNIT TESTS - components/Avatar,1334,1385,thesanjeevsharma,2/22/21,5000,FALSE
Website,New Contributor,1225,1226,aayushi14,1/31/21,500,FALSE
Website,New Contributor - Requested to get back on team,1256,1324,thesanjeevsharma,2/19/21,250,FALSE
Website,Lead Backend Developer opening for Blockchain Explorer,1389,1407,aayushi14,2/24/21,250,FALSE
Website,UNIT TESTS - components/AuthContainer,1333,1406,jamessspanggg,2/24/21,500,FALSE
Website,UNIT TESTS - components/EmptyPage,1352,1391,tomijaga,2/23/21,250,FALSE
Website,UNIT TESTS - components/StepIndicator,1375,1403,jamessspanggg,2/24/21,500,FALSE
Website,UNIT TESTS - components/RequiredAsterisk,1371,1390,tomijaga,2/23/21,250,FALSE
Website,UNIT TESTS - components/MarketingButton,1362,1405,denistsoi,2/25/21,1000,FALSE
Website,UNIT TESTS - components/DocWrapper/DocSubSection,1350,1413,tomijaga,2/25/21,2000,FALSE
Website,UNIT TESTS - components/HashLink,1357,1413,tomijaga,2/25/21,500,FALSE
Website,UNIT TESTS - components/MarketingCard,1363,1412,thesanjeevsharma,2/25/21,2500,FALSE
Website,UNIT TESTS - components/SocialMediaIcon,1374,1402,denistsoi,2/25/21,500,FALSE
Validator,Set daily_confirmation_rate on initialize_validator,55,131,DucPhamTV,01/19/21,5000,FALSE
Kotlin-SDK,Implement GET request for Crawl endpoint in Confirmation Validator API,136,148,nishp77,2/20/21,2000,FALSE
Kotlin-SDK,Implement GET requests in validators endpoint in Confirmation Validator API,140,149,tomijaga,2/21/21,2500,FALSE
Kotlin-SDK,Implement POST request for confirmation blocks endpoint in Confirmation Validator API,134,150,tomijaga,2/22/21,2000,FALSE
Kotlin-SDK,Implement POST request for Crawl endpoint in Confirmation Validator API,137,151,nishp77,2/22/21,2000,FALSE
Kotlin-SDK,Implement GET request for Confirmation Services endpoint in Confirmation Validator API,128,152,tomijaga,2/25/21,2000,FALSE
Kotlin-SDK,Implement POST request for Connection Requests in Confirmation Validator API,135,153,tomijaga,2/27/21,2000,FALSE
Website,UNIT TESTS - components/QueryParams/QueryParamsOffsetAndLimit,1370,1432,jamessspanggg,2/28/21,500,FALSE
Website,UNIT TESTS - components/CodeSnipper/BaseCodeSnippet,1336,1431,jamessspanggg,2/28/21,2500,FALSE
Website,UNIT TESTS - components/Table/TableParams,1377,1427,denistsoi,2/28/21,2500,FALSE
Website,UNIT TESTS - components/ContributorTasks,1339,1400,tomijaga,2/25/21,2000,FALSE
Website,UNIT TESTS - components/LabelFilter,1359,1426,jamessspanggg,2/28/21,2000,FALSE
Website,UNIT TESTS - components/TimeFilter,1380,1424,jamessspanggg,2/28/21,1000,FALSE
Website,Remove Contributor from teams page,1418,1425,IvanDanilov66,2/28/21,250,FALSE
Website,UNIT TESTS - components/PageTitle,1366,1420,denistsoi,2/28/21,250,FALSE
Website,UNIT TESTS - components/Loader,1361,1419,denistsoi,2/28/21,250,FALSE
Website,UNIT TESTS - components/DocWrapper/DocList,1348,1401,tomijaga,2/25/21,1000,FALSE
Website,UNIT TESTS - components/Footer/index.tsx,1355,1416,denistsoi,2/26/21,2000,FALSE
Website,UNIT TESTS - components/Toast,1381,1398,AbhayAysola,2/26/21,1000,FALSE
Website,UNIT TESTS - components/Footer/FooterNavList,1354,1415,denistsoi,2/26/21,2000,FALSE
Website,Leaderboard completed tasks alignment issue,1299,1417,jamessspanggg,2/27/21,1000,TRUE
Website,New Contributor,1433,1436,brmendez,3/01/21,250,FALSE
Website,New Contributor,1434,1438,brmendez,3/01/21,250,FALSE
Website,UNIT TESTS - components/DocWrapper/DocInlineCode,1347,1421,denistsoi,2/28/21,250,FALSE
Website,New Contributor,1440,1444,bojan-ilijevski,3/02/21,250,FALSE
Website,UNIT TESTS - components/Layout,1360,1443,thesanjeevsharma,3/02/21,5000,FALSE
Website,Move Contributor From FE TEAM to Discord,1442,1445,brmendez,3/02/21,250,FALSE
Website,UNIT TESTS - component/BreadcrumbMenu,1335,1441,denistsoi,3/03/21,2500,FALSE
Website,UNIT TESTS - components/CodeSnippet/CodeSnippet,1337,1448,denistsoi,3/04/21,1000,FALSE
Website,UNIT TESTS - components/Pagination,1367,1452,thesanjeevsharma,3/04/21,2500,FALSE
Website,New Contributor - Muhammad Anas Azam Bhatti,1446,1451,bojan-ilijevski,3/04/21,250,FALSE
Website,UNIT TESTS - components/Table/TableBorderGrid,1376,1456,thesanjeevsharma,3/04/21,2500,FALSE
Website,UNIT TESTS - components/OrganizationMenuItems,1365,1454,denistsoi,3/04/21,500,FALSE
Website,Add og meta tags to PageTitle component,1447,1460,jamessspanggg,3/05/21,2000,TRUE
Website,UNIT TESTS - components/MenuGroup,1364,1455,denistsoi,3/05/21,1000,FALSE
Website,New Contributor,1457,1459,aayushi14,3/05/21,250,FALSE
Website,Better UX for forms,1464,1465,jamessspanggg,3/07/21,5000,TRUE
Website,Fix key error when user is logged in,1474,1475,jamessspanggg,3/07/21,500,TRUE
Website,Suggestion to improve popover accessibility,1471,1470,jamessspanggg,3/07/21,2000,TRUE
Website,UNIT TESTS - components/DocWrapper/DocEndpoint,1345,1392,tomijaga,2/23/21,500,FALSE
Website,"Put ""Hello World"" in your OWN language!",351,1332,PrinceRajRoy,2/24/21,500,FALSE
Website,Update to the EDIT PROFILE modal and profile image,1480,1482,jamessspanggg,3/11/21,7500,FALSE
Website,Need to update Project Proposals section,1505,1506,manishram,3/11/21,250,FALSE
Website,Allow first input to be focused on mount for Signin and CreateAccount,1483,1484,jamessspanggg,3/08/21,250,TRUE
Website,UNIT TESTS - components/DashboardLayout,1341,1458,amarjeet987,3/09/21,1000,FALSE
Website,New Contributor,1462,1463,bojan-ilijevski,3/09/21,250,FALSE
Website,UNIT TESTS - components/DropdownInput,1351,1466,denistsoi,3/09/21,2000,FALSE
Website,UNIT TESTS - components/DocsMenuItems,1342,1461,denistsoi,3/09/21,2000,FALSE
Website,UNIT TESTS - components/CopyableAccountNumber,1340,1449,denistsoi,3/03/21,2000,FALSE
Website,UNIT TESTS - components/Tabs,1379,1450,denistsoi,3/04/21,2000,FALSE
Website,UNIT TESTS - components/QR,1369,1512,denistsoi,3/10/21,1000,FALSE
Website,UNIT TESTS - components/DocWrapper/DocContainer,1344,1469,PrinceRajRoy,3/09/21,2500,FALSE
thenewboston-js,[Task] Add "fee" Field in Transactions,61,67,AbhayAysola,03/05/2021,500,250
thenewboston-js,[Task] Send database synchronisable idempotent payment,57,67,AbhayAysola,03/05/2021,2000,250
thenewboston-js,test: PaymentHandler Tests,70,,AbhayAysola,03/05/2021,500,FALSE

